<?xml version="1.0" encoding="ISO-8859-1"?><!--
   Copyright 2005-2006 Log4Delphi Project

   Licensed under the Apache License, Version 2.0 (the "License");
   you may not use this file except in compliance with the License.
   You may obtain a copy of the License at

       http://www.apache.org/licenses/LICENSE-2.0

   Unless required by applicable law or agreed to in writing, software
   distributed under the License is distributed on an "AS IS" BASIS,
   WITHOUT WARRANTIES OR CONDITIONS OF ANY KIND, either express or implied.
   See the License for the specific language governing permissions and
   limitations under the License.
  --><!DOCTYPE document PUBLIC "-//APACHE//DTD Documentation V1.2//EN" "http://apache.org/forrest/dtd/document-v12.dtd">
<document> 
    <header>
        <title>Contact the Log4Delphi Team</title>
    </header>
    <body>
&#9;&#9;<section>
&#9;&#9;&#9;<title>Reporting Bugs</title>
&#9;&#9;&#9;<p>You can report bugs 
&#9;&#9;&#9;&#9;<link href="http://www.sourceforge.net/tracker/?group_id=145326&amp;atid=761568">here</link>
&#9;&#9;&#9;&#9;.</p>
&#9;&#9;</section>&#9;&#9;
        <section>
            <title>Using The Mailing Lists</title>
&#9;&#9;&#9;<p>A mailing list is an electronic discussion forum that anyone can 
&#9;&#9;&#9;&#9;subscribe to. When someone sends an email message to the mailing 
&#9;&#9;&#9;&#9;list, a copy of that message is broadcast to everyone who is 
&#9;&#9;&#9;&#9;subscribed to that mailing list. Mailing lists provide a simple 
&#9;&#9;&#9;&#9;and effective communication mechanism. With potentially thousands 
&#9;&#9;&#9;&#9;of subscribers, there is a common set of etiquette guidelines that 
&#9;&#9;&#9;&#9;you should observe. Please keep on reading.</p>
&#9;&#9;&#9;&#9;<section>
&#9;&#9;&#9;&#9;&#9;<title>Guidelines</title>
&#9;&#9;&#9;&#9;&#9;<section>
&#9;&#9;&#9;&#9;&#9;&#9;<title>Respect the mailing list type.</title>
&#9;&#9;&#9;&#9;&#9;&#9;<p>There are two types of lists.</p>
&#9;&#9;&#9;&#9;&#9;&#9;<dl>
&#9;&#9;&#9;&#9;&#9;&#9;&#9;<dt>User List</dt>
&#9;&#9;&#9;&#9;&#9;&#9;&#9;<dd> The User list is where you can send questions and 
&#9;&#9;&#9;&#9;&#9;&#9;&#9;&#9;comments about configuration, setup, usage and other 
&#9;&#9;&#9;&#9;&#9;&#9;&#9;&#9;"user" types of questions.</dd>
&#9;&#9;&#9;&#9;&#9;&#9;&#9;<dt>Developer List</dt>
&#9;&#9;&#9;&#9;&#9;&#9;&#9;<dd> The Developer list is where you can send questions and 
&#9;&#9;&#9;&#9;&#9;&#9;&#9;&#9;comments about the actual software source code and general 
&#9;&#9;&#9;&#9;&#9;&#9;&#9;&#9;"development" types of questions.</dd>
&#9;&#9;&#9;&#9;&#9;&#9;</dl>
&#9;&#9;&#9;&#9;&#9;</section>
&#9;&#9;&#9;&#9;&#9;<section>
&#9;&#9;&#9;&#9;&#9;&#9;<title>Ask smart questions. </title>
&#9;&#9;&#9;&#9;&#9;&#9;<p> Every volunteer project obtains its strength from the people 
&#9;&#9;&#9;&#9;&#9;&#9;&#9;involved in it. You are welcome to join any of our mailing 
&#9;&#9;&#9;&#9;&#9;&#9;&#9;lists and can choose to lurk, or actively participate; it's up 
&#9;&#9;&#9;&#9;&#9;&#9;&#9;to you. The level of community responsiveness to specific 
&#9;&#9;&#9;&#9;&#9;&#9;&#9;questions is generally directly proportional to the amount of 
&#9;&#9;&#9;&#9;&#9;&#9;&#9;effort you spend formulating your question.</p>
&#9;&#9;&#9;&#9;&#9;</section>&#9;
&#9;&#9;&#9;&#9;&#9;<section>
&#9;&#9;&#9;&#9;&#9;&#9;<title>Keep your email short and to the point. </title>
&#9;&#9;&#9;&#9;&#9;&#9;<p>If your email is more than about a page of text, chances are 
&#9;&#9;&#9;&#9;&#9;&#9;&#9;that it won't get read by very many people. It is much better 
&#9;&#9;&#9;&#9;&#9;&#9;&#9;to try to pack a lot of informative information (see above 
&#9;&#9;&#9;&#9;&#9;&#9;&#9;about asking smart questions) into as small of an email as 
&#9;&#9;&#9;&#9;&#9;&#9;&#9;possible. If you are replying to a previous email, it is a 
&#9;&#9;&#9;&#9;&#9;&#9;&#9;good idea to only quote the parts that you are replying to 
&#9;&#9;&#9;&#9;&#9;&#9;&#9;and to remove the unnecessary bits. This makes it easier for 
&#9;&#9;&#9;&#9;&#9;&#9;&#9;people to follow a thread as well as making the email archives 
&#9;&#9;&#9;&#9;&#9;&#9;&#9;easier to search and read.</p>
&#9;&#9;&#9;&#9;&#9;</section>
&#9;&#9;&#9;&#9;&#9;<section>
&#9;&#9;&#9;&#9;&#9;&#9;<title>Do not send HTML or "Stylelized" email to the list.</title>
&#9;&#9;&#9;&#9;&#9;&#9;<p>If you are using Outlook or Outlook Express or Eudora, chances 
&#9;&#9;&#9;&#9;&#9;&#9;&#9;are that you are sending HTML email by default. There is 
&#9;&#9;&#9;&#9;&#9;&#9;&#9;usually a setting that will allow you to send "Plain Text" 
&#9;&#9;&#9;&#9;&#9;&#9;&#9;email. If you are using Microsoft products to send email, 
&#9;&#9;&#9;&#9;&#9;&#9;&#9;there are several bugs in the software that prevent you from 
&#9;&#9;&#9;&#9;&#9;&#9;&#9;turning off the sending of HTML email</p>
&#9;&#9;&#9;&#9;&#9;</section>
&#9;&#9;&#9;&#9;&#9;<section>
&#9;&#9;&#9;&#9;&#9;&#9;<title>Do not cross post messages.</title>
&#9;&#9;&#9;&#9;&#9;&#9;<p>In other words, pick a mailing list and send your messages to 
&#9;&#9;&#9;&#9;&#9;&#9;&#9;that mailing list only. Do not send your messages to multiple 
&#9;&#9;&#9;&#9;&#9;&#9;&#9;mailing lists. The reason is that people may be subscribed to 
&#9;&#9;&#9;&#9;&#9;&#9;&#9;one list and not to the other. Therefore, some people will 
&#9;&#9;&#9;&#9;&#9;&#9;&#9;only see part of the conversation.</p>
&#9;&#9;&#9;&#9;&#9;</section>&#9;&#9;&#9;&#9;&#9;&#9;&#9;&#9;&#9;
&#9;&#9;&#9;&#9;</section>
&#9;&#9;&#9;&#9;<section>
&#9;&#9;&#9;&#9;&#9;<title>The Lists</title>
&#9;&#9;&#9;&#9;&#9;<section>
&#9;&#9;&#9;&#9;&#9;&#9;<title>The User's List</title>
&#9;&#9;&#9;&#9;&#9;&#9;<p>The user's list page can be found at: 
&#9;&#9;&#9;&#9;&#9;&#9;&#9;<link href="https://lists.sourceforge.net/lists/listinfo/log4delphi-user">
&#9;&#9;&#9;&#9;&#9;&#9;&#9;https://lists.sourceforge.net/lists/listinfo/log4delphi-user</link></p>
&#9;&#9;&#9;&#9;&#9;</section>
&#9;&#9;&#9;&#9;&#9;<section>
&#9;&#9;&#9;&#9;&#9;&#9;<title>The Developer's List</title>
&#9;&#9;&#9;&#9;&#9;&#9;<p>The developer's list page can be found at: 
&#9;&#9;&#9;&#9;&#9;&#9;&#9;<link href="https://lists.sourceforge.net/lists/listinfo/log4delphi-develop">
&#9;&#9;&#9;&#9;&#9;&#9;&#9;https://lists.sourceforge.net/lists/listinfo/log4delphi-develop</link></p>
&#9;&#9;&#9;&#9;&#9;</section>&#9;&#9;&#9;&#9;&#9;
&#9;&#9;&#9;&#9;</section>&#9;&#9;&#9;&#9;&#9;&#9;&#9;&#9;&#9;&#9;&#9;&#9;&#9;&#9;&#9;
        </section>
&#9;&#9;<section>
&#9;&#9;&#9;<title>The Forums</title>
&#9;&#9;&#9;<p>The forums present another mechanism to get in touch with developers and 
&#9;&#9;&#9;&#9;users. While the mailing lists are the prefered method of contact, the 
&#9;&#9;&#9;&#9;forum provides a viable alternative for those who do not wish to join the 
&#9;&#9;&#9;&#9;mailing lists. The forums can be accessed 
&#9;&#9;&#9;&#9;&#9;<link href="https://sourceforge.net/forum/?group_id=145326">
&#9;&#9;&#9;&#9;&#9;here</link>.</p>
&#9;&#9;</section>
&#9;&#9;<section>
&#9;&#9;&#9;<title>Contacting the Webmaster</title>
&#9;&#9;&#9;<p>Any feedback relating specifically to the website may be sent to the 
&#9;&#9;&#9;&#9;webmaster via email. Any question not related to the website will 
&#9;&#9;&#9;&#9;simply be ignored so don't bother. The webmaster can be reached at 
&#9;&#9;&#9;&#9;<link href="mailto:tcmiller@users.sourceforge.net?subject=Log4Delphi-Feedback">
&#9;&#9;&#9;&#9;Webmaster</link>.</p>
&#9;&#9;</section>
    </body>
    <footer>
    &#9;<legal>Copyright 2005-2006 Log4Delphi Project. All Rights Reserved.</legal>
    </footer>
</document>