<?xml version="1.0" encoding="ISO-8859-1"?><!--
   Copyright 2005-2006 Log4Delphi Project

   Licensed under the Apache License, Version 2.0 (the "License");
   you may not use this file except in compliance with the License.
   You may obtain a copy of the License at

       http://www.apache.org/licenses/LICENSE-2.0

   Unless required by applicable law or agreed to in writing, software
   distributed under the License is distributed on an "AS IS" BASIS,
   WITHOUT WARRANTIES OR CONDITIONS OF ANY KIND, either express or implied.
   See the License for the specific language governing permissions and
   limitations under the License.
  --><!DOCTYPE document PUBLIC "-//APACHE//DTD Documentation V1.2//EN" "http://apache.org/forrest/dtd/document-v12.dtd">
<document> 
    <header>
        <title>Installing Log4Delphi</title>
    </header>
    <body>
&#9;&#9;<section>
            <title>Extracting The Archive</title>
&#9;&#9;&#9;<p>The following instructions can be used for both binary and source 
&#9;&#9;&#9;&#9;distributions.</p>
&#9;&#9;&#9;<p>There are two archive versions available, a ZIP archive which may
&#9;&#9;&#9;&#9;be extracted using a program like Winzip and a GNU-Zipped 
&#9;&#9;&#9;&#9;Tarball that can also be extracted using Winzip.</p>
&#9;&#9;&#9;<p>Extract the archive to a location of your choice. A resulting
&#9;&#9;&#9;&#9;folder named <code>log4delphi-</code><em>version</em> will contain
&#9;&#9;&#9;&#9;the contents of the package.</p>
&#9;&#9;</section>
        <section>
            <title>Installing</title>
            <p>There are two ways in which you can install and use Log4Delphi. 
&#9;&#9;&#9;&#9;The first is to install the package and the second is to simply 
&#9;&#9;&#9;&#9;include the source code in your application's code base. Both have 
&#9;&#9;&#9;&#9;pros and cons and should be carefully considered before making the 
&#9;&#9;&#9;&#9;decision.</p>
&#9;&#9;&#9;<section>
&#9;&#9;&#9;&#9;<title>Installing The Package</title>
&#9;&#9;&#9;&#9;<p>Installing the Log4Delphi package will make it available to be 
&#9;&#9;&#9;&#9;&#9;used in all your projects.</p>
&#9;&#9;&#9;&#9;<p>Using a binary distribution (<code>log4delphi-</code><em>version</em>
&#9;&#9;&#9;&#9;&#9;<code>-bin.</code><em>archive</em>), the steps are:</p>
&#9;&#9;&#9;&#9;<ol>
&#9;&#9;&#9;&#9;&#9;<li>Launch Delphi.</li>
&#9;&#9;&#9;&#9;&#9;<li>Select <code>Component &gt; Install Packages</code> from
&#9;&#9;&#9;&#9;&#9;&#9;the main menu.</li>
&#9;&#9;&#9;&#9;&#9;<li>Click the <code>Add</code> button.</li>
&#9;&#9;&#9;&#9;&#9;<li>Browse to where you extracted the archive and select the
&#9;&#9;&#9;&#9;&#9;&#9;file named <code>log4delphi.bpl</code>, should be in the
&#9;&#9;&#9;&#9;&#9;&#9;<code>bin/</code> directory.</li>
&#9;&#9;&#9;&#9;&#9;<li>You may need to add the compilation units to your
&#9;&#9;&#9;&#9;&#9;&#9;library path. To do so, select 
&#9;&#9;&#9;&#9;&#9;&#9;<code>Tools &gt; Environment Options</code> from the
&#9;&#9;&#9;&#9;&#9;&#9;main menu.</li>
&#9;&#9;&#9;&#9;&#9;<li>Select the Library Tab and add the folder containing
&#9;&#9;&#9;&#9;&#9;&#9;<code>log4delphi.bpl</code> to the library path.</li>
&#9;&#9;&#9;&#9;&#9;<li>You are ready to go!</li>
&#9;&#9;&#9;&#9;</ol>
&#9;&#9;&#9;</section>
&#9;&#9;&#9;<section>
&#9;&#9;&#9;&#9;<title>Using The Source Code</title>
&#9;&#9;&#9;&#9;<p>This option is best for people who wish to add to or extend 
&#9;&#9;&#9;&#9;&#9;Log4Delphi or people who are busy developing Log4Delphi or
&#9;&#9;&#9;&#9;&#9;people who wish to include Log4Delphi into their existing
&#9;&#9;&#9;&#9;&#9;project's code base.</p>
&#9;&#9;&#9;&#9;<p>Using a source distribution (<code>log4delphi-</code><em>version</em>
&#9;&#9;&#9;&#9;&#9;<code>-src.</code><em>archive</em>), the steps are:</p>
&#9;&#9;&#9;&#9;<ol>
&#9;&#9;&#9;&#9;&#9;<li>Copy all the *.pas files from the 
&#9;&#9;&#9;&#9;&#9;&#9;<code>log4delphi\src\delphi</code> directory to your
&#9;&#9;&#9;&#9;&#9;&#9;project's source directory (include the <code>util</code>)
&#9;&#9;&#9;&#9;&#9;&#9;directory.</li>
&#9;&#9;&#9;&#9;&#9;<li>Launch Delphi and Open your project.</li>
&#9;&#9;&#9;&#9;&#9;<li>Select <code>Project &gt; Add To Project</code> in the
&#9;&#9;&#9;&#9;&#9;&#9;main menu.</li>
&#9;&#9;&#9;&#9;&#9;<li>In the dialog that opens, select all the Log4Delphi source 
&#9;&#9;&#9;&#9;&#9;&#9;files <code>*.pas</code> that you added earlier.</li>
&#9;&#9;&#9;&#9;&#9;<li>Click the <code>Open</code> button.</li>
&#9;&#9;&#9;&#9;&#9;<li>Now build your project.</li>
&#9;&#9;&#9;&#9;&#9;<li>You are ready to go!</li>
&#9;&#9;&#9;&#9;</ol>
&#9;&#9;&#9;</section>
        </section>
&#9;&#9;<section>
            <title>Building Log4Delphi From Source</title>
&#9;&#9;&#9;<p>The source distribution containsa Makefile that can be used to build
&#9;&#9;&#9;&#9;Log4Delphi from source. You can use Borland's Make which is installed
&#9;&#9;&#9;&#9;automatically by Delphi.</p>
&#9;&#9;&#9;<p>Open a command prompt (MS-DOS Prompt) and navigate to the root source
&#9;&#9;&#9;&#9;directory. Simply issue the command <code>make</code> and Log4Delphi will
&#9;&#9;&#9;&#9;be built.</p>
&#9;&#9;&#9;<p>The Makefile will fail to complete and will not generate HTML documentation.
&#9;&#9;&#9;&#9;This is because you need to have Apache Forrest installed and set up before
&#9;&#9;&#9;&#9;running make. This is not required to build Log4Delphi, but if you wish
&#9;&#9;&#9;&#9;to generate the HTML docs then you need to have it.</p>
&#9;&#9;</section>
    </body>
    <footer>
    &#9;<legal>Copyright 2005-2006 Log4Delphi Project. All Rights Reserved.</legal>
    </footer>
</document>